employee_Id,first_name,last_name,email,salary
0,Matthew,Henry,andersonlaura@example.com,9025
1,Dwayne,Ramirez,imcdonald@example.net,8564
2,Patrick,Lowe,gravesrobert@example.net,9613
3,Cindy,Burke,desireeramirez@example.net,9756
4,Jessica,Snow,jjackson@example.net,9260
5,Donald,Hall,brandimitchell@example.com,3415
6,Joseph,Williams,allison92@example.net,6248
7,Douglas,Lewis,hardyjuan@example.org,3085
8,Eric,Curry,gilmorerichard@example.org,3465
9,Matthew,Carter,allenlori@example.org,4464
10,Donna,Rivera,yfry@example.org,5322
11,Jennifer,Martinez,shari31@example.net,8598
12,Michael,Hall,patricklopez@example.com,6020
13,Lori,Cook,qmay@example.net,6054
14,Daniel,Forbes,guerracameron@example.net,8763
15,Crystal,Garza,watkinslynn@example.org,7233
16,Ronald,Lopez,rebecca07@example.net,7739
17,James,Mejia,hannah50@example.net,6863
18,Michael,Jennings,carol80@example.org,3668
19,Allen,Ingram,vanessa14@example.com,5315
20,Darren,Jackson,campbellandrea@example.com,4763
21,Dakota,Clark,imueller@example.org,9193
22,Barbara,Alvarez,sara39@example.com,7520
23,Timothy,Hill,ellismichael@example.com,7229
24,Mark,Stephens,allisonjones@example.org,8769
25,Jason,Cook,tammyroth@example.com,6268
26,James,Hopkins,gaguilar@example.org,3302
27,Mary,Roberson,joe92@example.net,5735
28,Dana,Wood,bankslynn@example.com,9305
29,Charles,Baker,steelelauren@example.net,4512
30,Wesley,Bass,mwilliams@example.org,4242
31,Michael,Young,ryan22@example.com,3668
32,Nicole,Collins,martinezcynthia@example.net,4233
33,Laura,Patterson,hoffmankaren@example.net,9151
34,Carlos,Mendoza,utaylor@example.org,8134
35,Diana,Sharp,velasquezzachary@example.net,8265
36,Madeline,Petersen,cheryl73@example.net,4481
37,Diane,Carr,jeffrey22@example.net,8535
38,Crystal,Case,reginagallagher@example.org,8807
39,Donna,Barber,ndillon@example.com,3187
40,Valerie,Gonzales,ccollier@example.net,8550
41,Nicholas,Barry,judithnelson@example.net,4172
42,Caleb,Jones,julie58@example.org,8315
43,Kara,Mueller,mcollier@example.org,8365
44,Michelle,Miller,kyle96@example.org,4255
45,Anne,Alvarez,thumphrey@example.net,6727
46,Diana,Howard,johnsonjoseph@example.net,6034
47,Kayla,Mendoza,kelsey13@example.com,8372
48,Rita,Livingston,andrewmiranda@example.com,7896
49,Anthony,Weiss,priscilla15@example.com,7712
50,Sean,Garcia,calvingarcia@example.com,5870
51,Debra,Bennett,tylercurtis@example.net,3585
52,Steven,Johnson,ztran@example.org,5087
53,Sophia,Gomez,ashleythompson@example.net,7689
54,Justin,Campbell,aaron39@example.com,8284
55,Cody,Shaw,michael52@example.org,4099
56,Jeffrey,Preston,mparker@example.com,6005
57,Brandon,Villa,xjones@example.net,3498
58,Jessica,Williams,judyharper@example.com,5151
59,Katherine,Ramirez,edward74@example.com,3908
60,Robert,Miller,charles60@example.com,5400
61,Heather,Miller,xturner@example.net,9422
62,Diana,Garrett,josephmoore@example.com,4378
63,Melissa,Odonnell,rodneyroberson@example.org,7530
64,Tiffany,Hill,andrewshector@example.net,7444
65,Michelle,Avila,chad68@example.com,8954
66,Margaret,Owens,warnerchristopher@example.org,4006
67,Jeremy,Franco,hcampbell@example.com,6604
68,Nicole,Day,carlosreed@example.org,5851
69,Thomas,Richmond,robertcannon@example.org,7396
70,Lauren,Keith,garnerjerry@example.com,3500
71,Lisa,Brown,cheryl42@example.org,9023
72,Christine,Baker,samantha38@example.com,9638
73,Susan,Thompson,youngderrick@example.com,4496
74,Brittany,Mckinney,jensenlauren@example.com,3913
75,Joshua,Garcia,jessehall@example.org,4052
76,Carlos,Wilson,david20@example.net,4759
77,Phillip,Ramirez,freykevin@example.org,4808
78,Julie,Washington,weisspatrick@example.com,8072
79,Lori,Evans,michellewillis@example.com,5866
80,Matthew,Lawson,heatherparker@example.com,5203
81,Anthony,Walters,ttodd@example.com,3249
82,Todd,Farrell,stevensilva@example.org,5444
83,Charles,Mcbride,qlucas@example.com,6552
84,David,Cooper,ugilmore@example.net,6071
85,Melissa,Martinez,hallmichelle@example.com,9267
86,Kaylee,Acevedo,jacob54@example.org,6336
87,Logan,Jackson,ashley28@example.org,8476
88,Brittney,Mcdowell,jennifer70@example.org,3639
89,Tyler,Flores,lduncan@example.com,3420
90,Carolyn,Cummings,steven13@example.com,5977
91,Michael,Parker,erika20@example.com,9595
92,Kathy,Jackson,floresjustin@example.net,5898
93,Jermaine,Johnson,timothyholmes@example.net,9879
94,Juan,Jones,hunterbrian@example.com,5272
95,Stephen,Wagner,bradley84@example.org,9321
96,Daniel,Bush,mariah92@example.org,9768
97,Wendy,Robinson,annavargas@example.com,3168
98,Jeffrey,Acosta,drakeaustin@example.org,5291
99,Victoria,Delacruz,wnguyen@example.org,9453
